,AUC,Emax,IC50,DRUG_ID,SCAN_DRUGID_COSMICID_KEY,COSMIC_ID,FOLD_RANGE,MAX_CONC,fd_num_0,fd_num_1,fd_num_2,fd_num_3,fd_num_4,fd_num_5,fd_num_6,fd_num_7,norm_cells_0,norm_cells_1,norm_cells_2,norm_cells_3,norm_cells_4,norm_cells_5,norm_cells_6,norm_cells_7,param_1,param_2,param_3,param_4,ABCB1_mut,ABL2_mut,ACACA_mut,ACVR1B_mut,ACVR2A_mut,ADCY1_mut,AFF4_mut,AHCTF1_mut,AHNAK_mut,AKAP9_mut,ALK_mut,AMOT_mut,ANK3_mut,APAF1_mut,APC_mut,AQR_mut,ARAP3_mut,ARFGAP3_mut,ARFGEF1_mut,ARFGEF2_mut,ARHGAP26_mut,ARHGAP29_mut,ARHGEF6_mut,ARID1A_mut,ARID1B_mut,ARID2_mut,ARID4A_mut,ARID4B_mut,ARID5B_mut,ASH1L_mut,ASPM_mut,ASXL1_mut,ASXL2_mut,ATM_mut,ATR_mut,ATRX_mut,AXIN1_mut,AXIN2_mut,B2M_mut,BAP1_mut,BAZ2B_mut,BCLAF1_mut,BCOR_mut,BLM_mut,BMPR2_mut,BNC2_mut,BPTF_mut,BRAF_mut,BRCA1_mut,BRCA2_mut,BRWD1_mut,C15orf55_mut,CAD_mut,CASP8_mut,CCAR1_mut,CCND1_mut,CDC27_mut,CDC73_mut,CDH1_mut,CDK12_mut,CDKN2A_mut,CEP290_mut,CHD3_mut,CHD4_mut,CHD6_mut,CHD8_mut,CHD9_mut,CHEK2_mut,CIC_mut,CLASP2_mut,CLSPN_mut,CNOT1_mut,CNOT3_mut,COL1A1_mut,CREBBP_mut,CSDE1_mut,CTCF_mut,CTNNB1_mut,CTNND1_mut,CUL2_mut,CUL3_mut,CUX1_mut,CYLD_mut,DDX3X_mut,DHX15_mut,DHX9_mut,DICER1_mut,DLG1_mut,DNMT3A_mut,EGFR_mut,EIF4G1_mut,EIF4G3_mut,ELF1_mut,ELF3_mut,EP300_mut,EPHA2_mut,EPHA4_mut,ERBB2_mut,ERBB2IP_mut,ERBB3_mut,EZH2_mut,F8_mut,FAF1_mut,FAM123B_mut,FAT1_mut,FAT2_mut,FBXW7_mut,FGFR2_mut,FLT3_mut,FN1_mut,FOXP1_mut,FRG1B_mut,FTSJD1_mut,FXR1_mut,G3BP2_mut,GATA3_mut,GNA11_mut,GNAS_mut,GPS2_mut,HDAC9_mut,HGF_mut,HLA-A_mut,HLA-B_mut,HNF1A_mut,HRAS_mut,IDH1_mut,INPP4A_mut,INPPL1_mut,IREB2_mut,ITSN1_mut,KALRN_mut,KAT6B_mut,KDM5C_mut,KDM6A_mut,KDR_mut,KEAP1_mut,KIT_mut,KRAS_mut,LAMA2_mut,LARP4B_mut,LIMA1_mut,LNPEP_mut,LPHN2_mut,LRP6_mut,LRPPRC_mut,MACF1_mut,MAGI2_mut,MAP2K1_mut,MAP2K4_mut,MAP3K1_mut,MAP3K4_mut,MAP4K3_mut,MAX_mut,MCM8_mut,MECOM_mut,MED12_mut,MED23_mut,MEN1_mut,MET_mut,MGA_mut,MKL1_mut,MLH1_mut,MLH3_mut,MLL_mut,MLL2_mut,MLL3_mut,MLLT4_mut,MNDA_mut,MSR1_mut,MTOR_mut,MYH11_mut,MYH14_mut,MYH9_mut,NCOR1_mut,NCOR2_mut,NF1_mut,NF2_mut,NFE2L2_mut,NOTCH1_mut,NOTCH2_mut,NR4A2_mut,NRAS_mut,NSD1_mut,NTRK2_mut,NUP93_mut,NUP98_mut,PABPC3_mut,PBRM1_mut,PCDH18_mut,PCSK5_mut,PGR_mut,PHLPP1_mut,PIK3C2B_mut,PIK3CA_mut,PIK3CB_mut,PIK3R1_mut,PLCB1_mut,PLCG1_mut,PLXNA1_mut,PLXNB2_mut,POLR2B_mut,PPP2R1A_mut,PSIP1_mut,PTCH1_mut,PTEN_mut,PTPN11_mut,PTPRU_mut,RAC1_mut,RAD21_mut,RASA1_mut,RASA2_mut,RB1_mut,RBM10_mut,RBM5_mut,RGS3_mut,RHOA_mut,RHOT1_mut,RNF43_mut,ROBO2_mut,RPGR_mut,RPL5_mut,RTN4_mut,SACS_mut,SCAI_mut,SEC31A_mut,SETD2_mut,SETDB1_mut,SF3B1_mut,SIN3A_mut,SMAD2_mut,SMAD4_mut,SMARCA1_mut,SMARCA4_mut,SMARCB1_mut,SMC1A_mut,SOS1_mut,SOS2_mut,SOX9_mut,SPOP_mut,SPTAN1_mut,SRGAP1_mut,SRGAP3_mut,STAG1_mut,STAG2_mut,STIP1_mut,STK11_mut,STK4_mut,SVEP1_mut,TAF1_mut,TAOK1_mut,TBX3_mut,TCF12_mut,TCF7L2_mut,TET2_mut,THRAP3_mut,TJP1_mut,TJP2_mut,TNPO1_mut,TP53_mut,TP53BP1_mut,TRIO_mut,TSC1_mut,U2AF1_mut,UPF3B_mut,USP6_mut,WHSC1_mut,WHSC1L1_mut,WNK1_mut,WT1_mut,XPO1_mut,XRN1_mut,ZC3H11A_mut,ZFHX3_mut,ZFP36L1_mut,ZFP36L2_mut,ZMYM2_mut,ZNF292_mut,ZNF638_mut,ZNRF3_mut,gain:cnaPANCAN1 (CCNE1),loss:cnaPANCAN2 (STK11),loss:cnaPANCAN3 (GNA11),loss:cnaPANCAN4,loss:cnaPANCAN5,loss:cnaPANCAN6,loss:cnaPANCAN7 (SMARCA4),loss:cnaPANCAN8,loss:cnaPANCAN9,loss:cnaPANCAN10 (CIC),loss:cnaPANCAN11,loss:cnaPANCAN12,loss:cnaPANCAN13,loss:cnaPANCAN14,loss:cnaPANCAN15,loss:cnaPANCAN16,loss:cnaPANCAN17,gain:cnaPANCAN18,gain:cnaPANCAN19,loss:cnaPANCAN20,loss:cnaPANCAN21,loss:cnaPANCAN22,loss:cnaPANCAN23 (SMAD4),loss:cnaPANCAN24,loss:cnaPANCAN25,loss:cnaPANCAN26,"gain:cnaPANCAN27 (GATA3,KLF6,LARP4B,VIM)","gain:cnaPANCAN28 (CUL2,EPC1)",gain:cnaPANCAN29 (KAT6B),loss:cnaPANCAN30 (LARP4B),loss:cnaPANCAN31,loss:cnaPANCAN32,loss:cnaPANCAN33,loss:cnaPANCAN34,loss:cnaPANCAN35 (CUL2),loss:cnaPANCAN36 (RET),loss:cnaPANCAN37,loss:cnaPANCAN38,loss:cnaPANCAN39,loss:cnaPANCAN40,loss:cnaPANCAN41,loss:cnaPANCAN42 (ANK3),loss:cnaPANCAN43,"loss:cnaPANCAN44 (BMPR1A,FAS,PTEN)",loss:cnaPANCAN45,loss:cnaPANCAN46,loss:cnaPANCAN47,loss:cnaPANCAN48,loss:cnaPANCAN49,loss:cnaPANCAN50,loss:cnaPANCAN51,loss:cnaPANCAN52,loss:cnaPANCAN53,loss:cnaPANCAN54,loss:cnaPANCAN55,gain:cnaPANCAN56,gain:cnaPANCAN57 (CAT),gain:cnaPANCAN58,"gain:cnaPANCAN59 (CCND1,CTTN)",gain:cnaPANCAN60,gain:cnaPANCAN61,"loss:cnaPANCAN62 (HRAS,IRF7)",loss:cnaPANCAN63,loss:cnaPANCAN64,loss:cnaPANCAN65,loss:cnaPANCAN66,loss:cnaPANCAN67,loss:cnaPANCAN68,loss:cnaPANCAN69,loss:cnaPANCAN70,loss:cnaPANCAN71 (EXT2),loss:cnaPANCAN72,loss:cnaPANCAN73,loss:cnaPANCAN74,loss:cnaPANCAN75 (MED17),loss:cnaPANCAN76,loss:cnaPANCAN77 (CASP1),loss:cnaPANCAN78 (CASP1),loss:cnaPANCAN79,loss:cnaPANCAN80 (SDHD),loss:cnaPANCAN81,loss:cnaPANCAN82,gain:cnaPANCAN83,"gain:cnaPANCAN84 (FGFR1,WHSC1L1)",gain:cnaPANCAN85 (SOX17),gain:cnaPANCAN86,gain:cnaPANCAN87,"gain:cnaPANCAN88 (PABPC1,UBR5)",gain:cnaPANCAN89 (RAD21),gain:cnaPANCAN90,gain:cnaPANCAN91 (MYC),loss:cnaPANCAN92,loss:cnaPANCAN93,loss:cnaPANCAN94,loss:cnaPANCAN95,loss:cnaPANCAN96,loss:cnaPANCAN97,loss:cnaPANCAN98,loss:cnaPANCAN99 (SOX17),loss:cnaPANCAN100,loss:cnaPANCAN101,loss:cnaPANCAN102,loss:cnaPANCAN103,loss:cnaPANCAN104,gain:cnaPANCAN106,"gain:cnaPANCAN107 (FUS,TAOK2)","gain:cnaPANCAN108 (CHD9,CYLD)",gain:cnaPANCAN109 (MMP2),loss:cnaPANCAN110,loss:cnaPANCAN111,loss:cnaPANCAN112 (CREBBP),loss:cnaPANCAN113,loss:cnaPANCAN114 (CIITA),loss:cnaPANCAN115,loss:cnaPANCAN116,"loss:cnaPANCAN117 (CHD9,CNOT1,CYLD,MMP2,NUP93)",loss:cnaPANCAN118 (ZFHX3),loss:cnaPANCAN119,loss:cnaPANCAN120,"gain:cnaPANCAN121 (ACTB,CARD11,PMS2,RAC1)","gain:cnaPANCAN122 (AHR,HDAC9)",gain:cnaPANCAN123,gain:cnaPANCAN124 (EGFR),gain:cnaPANCAN125,gain:cnaPANCAN126,gain:cnaPANCAN127 (AKAP9),gain:cnaPANCAN128,gain:cnaPANCAN129 (MET),gain:cnaPANCAN130 (RHEB),loss:cnaPANCAN131,loss:cnaPANCAN133,loss:cnaPANCAN134,loss:cnaPANCAN135,loss:cnaPANCAN136,loss:cnaPANCAN137 (POT1),loss:cnaPANCAN138,gain:cnaPANCAN139,gain:cnaPANCAN140 (FANCG),"gain:cnaPANCAN141 (GNAQ,NTRK2,PCSK5,TJP2)",gain:cnaPANCAN142,gain:cnaPANCAN143 (NOTCH1),"loss:cnaPANCAN144 (BNC2,CDKN2A,JAK2,PSIP1)","loss:cnaPANCAN145 (FANCG,PAX5)","loss:cnaPANCAN146 (GNAQ,NTRK2,PCSK5,TJP2)",loss:cnaPANCAN147,loss:cnaPANCAN148,loss:cnaPANCAN149,loss:cnaPANCAN150 (PTGS1),loss:cnaPANCAN151,loss:cnaPANCAN152,loss:cnaPANCAN153 (ABL1),loss:cnaPANCAN154,loss:cnaPANCAN155,loss:cnaPANCAN156,loss:cnaPANCAN157,loss:cnaPANCAN158,loss:cnaPANCAN159,loss:cnaPANCAN160,loss:cnaPANCAN161 (NOTCH1),loss:cnaPANCAN162,"gain:cnaPANCAN163 (CHD4,WNK1)",gain:cnaPANCAN164 (KRAS),gain:cnaPANCAN165 (CDK4),"gain:cnaPANCAN166 (MDM2,NUP107,SRGAP1)",loss:cnaPANCAN167,loss:cnaPANCAN168,loss:cnaPANCAN169,loss:cnaPANCAN170,loss:cnaPANCAN171,loss:cnaPANCAN172,loss:cnaPANCAN173,loss:cnaPANCAN174,loss:cnaPANCAN175,"gain:cnaPANCAN176 (CCT5,TERT,TRIO)",gain:cnaPANCAN177 (IL7R),gain:cnaPANCAN178,loss:cnaPANCAN179,loss:cnaPANCAN180,loss:cnaPANCAN181,loss:cnaPANCAN182,loss:cnaPANCAN183,loss:cnaPANCAN184 (APC),loss:cnaPANCAN185,loss:cnaPANCAN186,loss:cnaPANCAN187,loss:cnaPANCAN188,loss:cnaPANCAN189,"gain:cnaPANCAN190 (FGFR3,WHSC1)","gain:cnaPANCAN191 (FIP1L1,PDGFRA)","gain:cnaPANCAN192 (FIP1L1,PDGFRA)",loss:cnaPANCAN193,loss:cnaPANCAN194 (FGFR3),loss:cnaPANCAN195,loss:cnaPANCAN196,loss:cnaPANCAN197,loss:cnaPANCAN198,loss:cnaPANCAN199,loss:cnaPANCAN200,loss:cnaPANCAN201,loss:cnaPANCAN202,loss:cnaPANCAN203,loss:cnaPANCAN204,loss:cnaPANCAN205,loss:cnaPANCAN206,loss:cnaPANCAN207,loss:cnaPANCAN208 (PCDH18),loss:cnaPANCAN209,"loss:cnaPANCAN210 (FAT1,IRF2)",gain:cnaPANCAN211,"gain:cnaPANCAN212 (HSP90AB1,TRERF1)",gain:cnaPANCAN213 (MCM3),gain:cnaPANCAN214,loss:cnaPANCAN215,loss:cnaPANCAN216,loss:cnaPANCAN217,loss:cnaPANCAN218,loss:cnaPANCAN219,loss:cnaPANCAN220 (HIST1H3B),loss:cnaPANCAN221,loss:cnaPANCAN222,loss:cnaPANCAN223,loss:cnaPANCAN224,loss:cnaPANCAN225,loss:cnaPANCAN226,loss:cnaPANCAN227,loss:cnaPANCAN228,loss:cnaPANCAN229,"loss:cnaPANCAN230 (SYNCRIP,ZNF292)",loss:cnaPANCAN231,loss:cnaPANCAN232,loss:cnaPANCAN233,loss:cnaPANCAN234,"loss:cnaPANCAN235 (ARID1B,MAP3K4,MLLT4)",gain:cnaPANCAN236,"gain:cnaPANCAN239 (FOXP1,MITF)",gain:cnaPANCAN240,"gain:cnaPANCAN241 (NCK1,STAG1)",gain:cnaPANCAN242 (PIK3CB),gain:cnaPANCAN243,gain:cnaPANCAN244,gain:cnaPANCAN245 (MECOM),gain:cnaPANCAN246 (SOX2),gain:cnaPANCAN247,"gain:cnaPANCAN248 (EIF4A2,RFC4)",gain:cnaPANCAN249,loss:cnaPANCAN250 (SRGAP3),loss:cnaPANCAN251,loss:cnaPANCAN252,loss:cnaPANCAN253,loss:cnaPANCAN254,loss:cnaPANCAN255,"loss:cnaPANCAN256 (CACNA1D,WNT5A)",loss:cnaPANCAN257,loss:cnaPANCAN258,loss:cnaPANCAN259,loss:cnaPANCAN260,loss:cnaPANCAN261,loss:cnaPANCAN262 (FOXP1),loss:cnaPANCAN263,loss:cnaPANCAN264,loss:cnaPANCAN265,loss:cnaPANCAN266,loss:cnaPANCAN267,gain:cnaPANCAN268,gain:cnaPANCAN269 (MACF1),gain:cnaPANCAN270 (JUN),gain:cnaPANCAN271 (NOTCH2),"gain:cnaPANCAN272 (PIP5K1A,SETDB1)",gain:cnaPANCAN273,gain:cnaPANCAN274,gain:cnaPANCAN275 (SDHC),gain:cnaPANCAN276,gain:cnaPANCAN277 (DHX9),"gain:cnaPANCAN278 (MDM4,PIK3C2B,ZC3H11A)",gain:cnaPANCAN279,"gain:cnaPANCAN280 (ARID4B,FH)",loss:cnaPANCAN281 (RPL22),loss:cnaPANCAN282,loss:cnaPANCAN283,loss:cnaPANCAN284,loss:cnaPANCAN285,loss:cnaPANCAN286,loss:cnaPANCAN287,loss:cnaPANCAN288,"loss:cnaPANCAN289 (CDKN2C,FAF1)",loss:cnaPANCAN290,loss:cnaPANCAN291 (JAK1),loss:cnaPANCAN292,loss:cnaPANCAN293,loss:cnaPANCAN294,"loss:cnaPANCAN295 (ATP1A1,CSDE1,NRAS)",loss:cnaPANCAN296,loss:cnaPANCAN298,gain:cnaPANCAN299 (TAOK1),gain:cnaPANCAN300,"gain:cnaPANCAN301 (CDK12,ERBB2,MED24)","gain:cnaPANCAN302 (CLTC,PPM1D)",gain:cnaPANCAN303,loss:cnaPANCAN304,loss:cnaPANCAN305,loss:cnaPANCAN306,"loss:cnaPANCAN307 (CHD3,GPS2,TP53)",loss:cnaPANCAN308,loss:cnaPANCAN309,loss:cnaPANCAN310 (MAP2K4),loss:cnaPANCAN311,loss:cnaPANCAN312,loss:cnaPANCAN313,loss:cnaPANCAN314,"loss:cnaPANCAN315 (NF1,SUZ12)",loss:cnaPANCAN316,loss:cnaPANCAN317,loss:cnaPANCAN318,loss:cnaPANCAN319,loss:cnaPANCAN320,loss:cnaPANCAN321,loss:cnaPANCAN322,loss:cnaPANCAN323,loss:cnaPANCAN325,loss:cnaPANCAN326 (SOX9),loss:cnaPANCAN328,loss:cnaPANCAN329 (ZNF750),gain:cnaPANCAN330 (RPGR),gain:cnaPANCAN331,gain:cnaPANCAN332,"gain:cnaPANCAN333 (F8,HCFC1,RPL10)",loss:cnaPANCAN334,loss:cnaPANCAN335,loss:cnaPANCAN336,loss:cnaPANCAN337,loss:cnaPANCAN338,loss:cnaPANCAN339 (ATRX),loss:cnaPANCAN340,loss:cnaPANCAN341,loss:cnaPANCAN342,loss:cnaPANCAN343,gain:cnaPANCAN344 (MYCN),gain:cnaPANCAN345,"gain:cnaPANCAN346 (BCL11A,REL,XPO1)",gain:cnaPANCAN347,gain:cnaPANCAN348,gain:cnaPANCAN349 (INPP4A),gain:cnaPANCAN350,gain:cnaPANCAN351 (NFE2L2),gain:cnaPANCAN352 (PMS1),loss:cnaPANCAN353,loss:cnaPANCAN354,loss:cnaPANCAN355,loss:cnaPANCAN356 (ERCC3),loss:cnaPANCAN357 (ACVR2A),loss:cnaPANCAN358,loss:cnaPANCAN359 (CUL3),loss:cnaPANCAN360,loss:cnaPANCAN361,"gain:cnaPANCAN362 (CRNKL1,FOXA2)",gain:cnaPANCAN363 (ASXL1),gain:cnaPANCAN364 (STK4),gain:cnaPANCAN365,gain:cnaPANCAN366,"gain:cnaPANCAN367 (ARFGAP1,GNAS)",loss:cnaPANCAN368,loss:cnaPANCAN369,loss:cnaPANCAN370,loss:cnaPANCAN371,loss:cnaPANCAN372,loss:cnaPANCAN373,gain:cnaPANCAN374,gain:cnaPANCAN375,gain:cnaPANCAN376,loss:cnaPANCAN377,loss:cnaPANCAN378 (ZNRF3),loss:cnaPANCAN379,loss:cnaPANCAN380,loss:cnaPANCAN381 (ARFGAP3),"gain:cnaPANCAN382 (FLT3,WASF3)",gain:cnaPANCAN383,"gain:cnaPANCAN384 (ERCC5,ING1,IRS2,TFDP1)","loss:cnaPANCAN385 (PABPC3,SACS,ZMYM2)",loss:cnaPANCAN386,loss:cnaPANCAN387,loss:cnaPANCAN388,loss:cnaPANCAN389 (RB1),loss:cnaPANCAN390,"loss:cnaPANCAN391 (ING1,IRS2,TFDP1)",gain:cnaPANCAN392 (CHD8),"gain:cnaPANCAN393 (FOXA1,NKX2-1,PSMA6)","gain:cnaPANCAN394 (GNG2,SOS2)","gain:cnaPANCAN395 (AKT1,HSP90AA1,PPP2R5C)",loss:cnaPANCAN396,loss:cnaPANCAN397,loss:cnaPANCAN398,loss:cnaPANCAN399,loss:cnaPANCAN400,loss:cnaPANCAN401,loss:cnaPANCAN402,loss:cnaPANCAN403,loss:cnaPANCAN404,loss:cnaPANCAN405,loss:cnaPANCAN406,loss:cnaPANCAN407,loss:cnaPANCAN408,loss:cnaPANCAN409,loss:cnaPANCAN410,"gain:cnaPANCAN411 (BLM,CRTC3,FANCI,IDH2,NR2F2,PCSK6)",loss:cnaPANCAN412,loss:cnaPANCAN413,loss:cnaPANCAN414,"loss:cnaPANCAN415 (B2M,BUB1B,MGA,TP53BP1)",loss:cnaPANCAN416,loss:cnaPANCAN417,loss:cnaPANCAN418,loss:cnaPANCAN419,loss:cnaPANCAN420,loss:cnaPANCAN421,loss:cnaPANCAN422,loss:cnaPANCAN423,loss:cnaPANCAN424,loss:cnaPANCAN425,chr1:110230238-110230614(GSTM1)_HypMET,chr1:120835961-120839391(FAM72B)_HypMET,chr1:143912736-143916156(FAM72D)_HypMET,chr1:1476093-1476669(SSU72)_HypMET,chr1:150266476-150266689(MRPS21)_HypMET,chr1:171810467-171811325(DNM3)_HypMET,chr1:181451311-181452049()_HypMET,chr1:248020330-248021252()_HypMET,chr1:40782220-40783145(COL9A2)_HypMET,chr1:42127380-42128632(HIVEP3)_HypMET,"chr10:102891010-102891794(TLX1NB, TLX1)_HypMET",chr10:52499392-52500021(ASAH2B)_HypMET,chr10:93392667-93393147(PPP1R3C)_HypMET,chr11:119293320-119293943(THY1)_HypMET,chr11:65408344-65408631(SIPA1)_HypMET,chr11:8615397-8615889(STK33)_HypMET,chr12:124246524-124247254(DNAH10)_HypMET,chr12:3862068-3862606(EFCAB4B)_HypMET,chr13:27131568-27132677()_HypMET,chr13:28544524-28544890(CDX2)_HypMET,chr13:96296143-96297059(DZIP1)_HypMET,chr14:24457864-24458100(DHRS4L2)_HypMET,"chr14:24803678-24804353(ADCY4, RIPK3)_HypMET",chr14:70345943-70346527(SMOC1)_HypMET,chr15:30685087-30685891(CHRFAM7A)_HypMET,chr15:81426499-81426702(C15orf26)_HypMET,chr15:93198374-93199181(FAM174B)_HypMET,chr16:56659107-56659660(MT1E)_HypMET,chr16:68676450-68676843(CDH3)_HypMET,chr17:42092143-42092432(TMEM101)_HypMET,chr17:44656490-44657494(ARL17A)_HypMET,chr17:46673532-46674181(LOC404266)_HypMET,chr17:46691520-46692097(HOXB8)_HypMET,chr18:14132000-14132482(ZNF519)_HypMET,chr18:5543437-5544241(EPB41L3)_HypMET,chr18:77905297-77905566(LOC100130522)_HypMET,chr19:21265164-21265433(ZNF714)_HypMET,chr19:22018594-22018827(ZNF43)_HypMET,"chr19:37095680-37096589(ZNF529, ZNF382)_HypMET",chr19:37957726-37958390(ZNF569)_HypMET,chr19:49315545-49315765(BCAT2)_HypMET,chr19:53073308-53074039(ZNF701)_HypMET,chr19:53662189-53662500(ZNF347)_HypMET,chr19:57831599-57832250(ZNF543)_HypMET,chr19:58011124-58011743(ZNF773)_HypMET,chr19:58458686-58459219(ZNF256)_HypMET,chr2:183731819-183732093(FRZB)_HypMET,chr20:30192854-30194025(ID1)_HypMET,chr20:42543097-42545137(TOX2)_HypMET,chr21:47602431-47602740(C21orf56)_HypMET,chr22:19746924-19747141(TBX1)_HypMET,chr22:24372912-24373725(LOC391322)_HypMET,chr22:24384134-24384405(GSTT1)_HypMET,chr3:139258152-139258731(RBP1)_HypMET,chr3:50604905-50605359(C3orf18)_HypMET,"chr3:99594969-99595215(C3orf26, FILIP1L, MIR548G)_HypMET",chr5:101632049-101632373(SLCO4C1)_HypMET,chr5:180017099-180019062(SCGB3A1)_HypMET,"chr6:26250436-26250827(HIST1H2BH, HIST1H3F)_HypMET",chr6:291948-292839(DUSP22)_HypMET,chr6:6007387-6007797(NRN1)_HypMET,chr7:27186927-27187692(HOXA6)_HypMET,chr8:11058624-11058844(XKR6)_HypMET,chr8:11059011-11059242(XKR6)_HypMET,chr8:144659745-144660635(NAPRT1)_HypMET,chr8:22422534-22423702(SORBS3)_HypMET,chr8:61626645-61627074(CHD7)_HypMET,chr8:67344497-67344989(RRS1)_HypMET,chr8:67940691-67940997(LRRC67)_HypMET,chr8:79428433-79428754(PKIA)_HypMET,chr8:95652455-95652873(ESRP1)_HypMET,2bonds,h_bond_acceptor_count,rotatable_bond_count,F,molecular_weight,complexity,surface_area,xlogp,bond_stereo_count,Cl,S,heavy_atom_count
48,0.568437746229027,0.407924021377188,0.632346632407908,1036,12688_1036_905961_0,905961,1000,10,0,0.142857142857143,0.285714285714286,0.428571428571429,0.571428571428571,0.714285714285714,0.857142857142857,1,1,0.927675829528296,1,0.867402486567513,0.601113881280248,0.43009538792661,0.428143214875249,0.395118954089719,0.490568138857005,1.7517649024674,-15.5869805596945,0.407568216472188,0,0,0,0,0,0,0,0,0,0,0,0,0,0,1,0,0,0,0,0,0,0,0,0,0,0,0,0,0,0,0,0,0,0,0,0,0,0,0,0,0,0,0,0,0,0,0,1,0,0,0,0,0,0,0,0,0,0,0,0,0,0,0,0,0,0,0,0,0,0,0,0,0,0,0,0,0,0,0,0,0,0,0,0,0,0,0,0,0,0,0,0,0,0,0,0,0,0,0,0,0,1,0,0,0,0,0,0,0,0,0,0,0,0,0,0,0,0,0,0,0,0,0,0,0,0,0,0,0,0,0,0,0,0,0,0,0,0,0,0,0,0,0,0,0,0,0,0,0,0,0,0,0,0,0,0,0,0,0,0,0,0,0,0,0,0,0,0,0,0,0,0,0,0,0,0,0,0,0,0,0,0,0,0,0,0,0,0,0,0,0,0,0,0,0,0,0,0,0,0,0,0,0,0,0,0,0,0,0,0,0,0,0,0,0,0,0,0,0,0,0,0,1,0,0,0,0,0,0,0,0,0,0,0,0,0,0,0,0,0,0,0,0,0,0,0,0,0,0,0,0,0,0,0,0,0,0,0,0,0,0,0,0,0,0,0,0,0,0,0,0,0,0,0,0,0,0,0,0,0,0,0,0,0,0,0,0,0,0,0,0,0,0,0,0,0,0,0,0,0,0,1,0,0,0,0,0,0,0,0,0,0,0,0,0,0,0,0,0,0,0,0,0,0,0,0,0,0,0,0,0,0,0,0,0,0,0,0,0,0,0,0,0,0,0,0,0,0,0,0,0,0,0,0,0,0,0,0,0,0,0,0,0,0,0,0,0,0,0,0,0,0,0,0,0,0,0,0,0,0,0,0,0,0,0,0,0,0,0,0,0,0,0,0,1,0,0,1,0,0,0,0,0,0,0,0,0,0,0,0,0,0,0,0,0,0,0,0,0,0,1,0,0,0,0,0,0,0,0,0,0,0,0,0,0,0,0,0,0,0,0,0,0,0,0,0,0,0,0,0,0,0,0,0,0,0,0,0,0,0,0,0,0,0,0,0,0,0,0,0,0,0,0,0,0,0,0,0,0,0,0,1,0,0,0,0,1,0,1,1,1,0,0,0,0,0,0,0,0,0,0,0,0,0,0,0,0,0,0,0,0,0,0,0,0,0,0,1,0,0,0,0,0,0,0,0,0,0,0,0,0,1,0,0,0,0,0,0,0,0,0,0,0,0,0,0,0,0,0,0,0,0,0,0,0,0,0,0,0,0,0,0,0,0,0,0,0,0,0,0,0,0,0,0,0,0,0,0,0,0,0,0,0,0,0,0,0,0,0,0,0,0,0,0,0,0,0,0,0,0,0,0,0,0,0,0,0,0,0,0,0,0,0,0,0,0,0,0,0,0,0,0,0,0,0,0,0,0,0,0,0,0,0,0,0,0,0,0,0,0,0,0,0,0,0,0,0,0,0,0,0,0,0,1,1,1,0,0,0,0,0,0,0,0,0,0,0,0,0,0,0,0,0,0,0,0,0,0,0,0,0,0,0,0,0,0,0,0,0,0,0,0,0,0,0,0,0,0,1,1,0,0,0,1,1,0,0,1,1,0,0,0,1,0,0,1,1,1,0,0,1,0,0,0,0,0,0,1,1,0,1,1,0,0,1,0,1,0,1,1,0,1,1,0,0,0,0,0,0,0,1,0,0,1,0,0,0,0,0,0,0,0,0,0,0,1,1,0,10,7,6,1,413.8,648,100,3.3,0,1,1,27
49,0.855486902086226,0.982311329954317,1.5,1036,13807_1036_1290769_0,1290769,1000,10,0,0.142857142857143,0.285714285714286,0.428571428571429,0.571428571428571,0.714285714285714,0.857142857142857,1,1,0.992048720670418,1,1,1,1,0.998528976972552,0.982311372195484,0.961752498513073,13.6499877416117,-35.7502506689833,0.925412176901579,0,0,0,0,0,0,0,0,0,0,0,0,0,0,1,0,0,0,0,0,0,0,0,0,0,0,0,0,0,0,0,0,0,0,0,0,0,0,0,0,0,0,0,0,0,0,0,0,0,0,1,0,0,0,0,0,0,0,0,0,0,0,0,0,0,0,0,0,0,0,0,0,0,0,0,0,0,0,0,0,0,0,0,0,0,0,0,0,0,0,0,0,0,0,0,0,0,0,0,0,0,0,0,0,0,0,1,0,0,0,0,0,0,0,0,0,0,0,0,0,0,0,0,0,0,0,0,0,0,0,0,0,0,0,0,0,0,1,0,0,0,0,0,0,0,0,0,0,0,0,0,0,0,0,0,0,0,0,0,0,0,0,0,0,0,0,0,0,0,0,0,0,0,0,1,0,0,0,0,0,0,0,0,0,0,0,0,0,0,1,0,0,0,0,0,0,0,0,0,0,0,0,0,0,0,0,0,0,0,0,0,0,0,0,0,0,0,0,0,0,0,0,0,0,0,0,0,0,0,0,0,0,0,0,0,0,0,0,0,0,0,0,0,0,0,0,0,0,0,0,0,0,0,0,0,0,0,0,1,0,0,0,0,0,0,0,0,0,0,0,0,0,0,0,0,0,0,0,0,0,0,0,0,0,0,0,0,0,0,0,0,0,0,0,0,0,0,0,1,1,1,1,1,1,1,0,0,0,0,0,0,0,0,0,0,0,0,0,0,0,0,0,0,0,0,0,0,0,0,0,0,0,0,0,0,0,0,0,0,0,0,0,0,0,0,0,0,0,0,0,0,0,0,0,0,0,0,0,0,0,0,0,0,0,0,0,0,0,0,0,1,0,0,0,0,0,0,0,0,0,0,0,0,0,0,0,0,0,0,0,0,0,0,0,0,0,0,0,0,0,0,0,0,0,0,0,0,0,0,0,0,0,0,1,0,0,0,0,0,0,0,0,0,0,0,0,0,0,0,0,0,0,0,0,0,0,0,0,0,0,0,0,0,0,0,0,0,0,0,0,0,0,0,0,0,0,0,0,0,0,0,0,0,0,0,0,0,0,0,0,0,0,0,0,0,0,0,0,0,0,0,0,0,0,0,0,0,0,0,0,0,1,1,1,1,1,1,1,1,1,1,1,1,1,1,1,1,1,1,1,1,1,0,0,0,0,0,0,0,0,0,0,0,0,0,0,0,0,0,0,0,1,0,0,0,0,0,1,0,0,0,0,0,0,0,0,0,0,0,0,0,0,0,0,0,0,0,0,0,0,0,0,0,0,0,0,0,0,0,0,0,0,0,0,0,0,0,1,1,1,1,1,1,1,1,1,1,0,0,0,0,0,0,0,0,0,0,1,1,1,0,0,0,0,0,1,1,1,1,1,1,1,1,1,1,0,0,0,0,0,0,0,0,0,0,0,0,0,0,0,0,0,0,0,0,0,0,0,0,0,0,0,0,0,0,0,0,0,0,1,1,1,1,0,0,0,0,0,0,0,0,0,0,0,0,0,0,0,0,0,0,0,0,0,0,0,0,0,0,0,0,0,0,0,0,0,0,0,0,0,0,0,0,0,0,0,0,0,1,1,0,1,0,1,1,0,0,1,1,0,0,0,1,0,0,1,0,1,0,0,1,0,0,0,0,0,0,1,1,0,1,1,0,0,1,0,1,0,1,1,1,1,1,0,0,0,0,0,0,0,1,0,0,1,0,0,1,0,1,1,1,0,0,0,0,1,1,0,10,7,6,1,413.8,648,100,3.3,0,1,1,27
50,0.843226178218807,0.980541837841175,1.5,1036,14430_1036_1660034_0,1660034,1000,10,0,0.142857142857143,0.285714285714286,0.428571428571429,0.571428571428571,0.714285714285714,0.857142857142857,1,1,0.995982395449857,0.995982395449857,0.955299262712534,1,0.96498861869083,0.982421351204083,1,0.270541474573868,57.3086477017064,-132.356004130319,0.980541837841175,0,0,0,0,0,0,0,0,0,0,0,0,0,0,0,0,0,0,0,0,0,0,0,0,0,1,0,0,0,0,1,0,0,0,0,0,0,0,0,0,0,0,0,0,1,0,0,0,0,0,0,0,0,0,0,0,0,0,0,0,0,0,0,0,0,0,0,0,0,0,0,0,1,0,0,1,0,1,0,0,0,0,0,0,0,0,0,1,0,1,0,0,0,0,0,0,0,0,0,1,0,0,0,0,0,0,1,0,0,0,1,0,0,0,0,0,0,0,0,1,0,0,0,0,0,0,0,0,0,0,0,0,0,0,0,0,0,1,0,1,0,0,0,0,0,0,0,0,0,0,0,0,0,0,1,0,0,0,0,0,0,0,0,0,1,0,0,0,0,0,0,0,0,0,0,0,0,0,0,0,0,0,0,0,0,0,0,1,0,0,0,0,0,1,0,0,0,0,0,0,0,0,0,0,0,0,0,0,0,0,0,0,0,0,0,0,0,0,0,0,0,0,0,0,0,0,0,0,0,0,0,0,1,0,0,0,1,0,0,0,0,0,0,0,0,0,0,0,0,0,0,0,0,0,0,0,0,0,1,0,0,0,0,0,0,0,0,0,0,0,1,0,0,0,0,0,1,0,0,0,0,0,0,0,0,0,0,0,0,0,0,0,0,0,0,0,0,0,0,0,0,0,0,0,0,0,0,0,0,0,0,0,0,0,0,0,0,0,0,0,0,0,0,0,0,0,0,0,0,0,0,0,0,0,0,0,0,0,0,0,0,0,0,0,0,0,0,0,0,0,0,0,0,0,0,0,0,0,0,0,0,0,0,0,0,0,0,0,0,0,1,1,1,1,1,0,0,0,0,0,0,0,0,0,0,0,0,0,0,0,0,0,0,0,0,0,0,0,0,0,0,0,0,0,0,0,0,0,0,0,0,0,0,0,0,0,0,0,0,0,0,0,0,0,0,0,0,0,0,0,0,0,0,0,0,0,0,0,0,0,0,0,0,0,0,0,0,0,0,0,0,0,0,0,0,0,0,0,0,0,0,0,0,0,0,0,0,0,0,0,0,0,0,0,0,0,0,0,0,0,0,0,0,0,0,0,1,0,0,0,0,1,0,0,0,0,0,0,0,0,0,0,0,0,0,0,0,0,0,0,0,1,0,0,0,0,0,0,0,0,0,0,0,0,0,0,0,0,0,0,0,1,0,0,0,0,0,0,0,0,0,0,0,0,0,0,0,0,0,0,0,0,0,0,0,0,0,0,0,0,0,0,0,0,0,0,0,0,0,0,0,0,0,0,0,0,0,0,0,0,0,0,0,0,0,0,0,0,0,0,0,0,0,0,0,0,0,0,0,0,0,0,0,0,0,1,1,1,1,1,1,1,1,1,1,0,0,0,0,0,0,0,0,0,0,0,0,1,0,0,0,0,0,0,0,0,0,0,0,1,0,0,0,0,0,0,0,0,0,0,0,0,0,0,0,0,0,0,0,0,0,0,0,0,0,0,0,0,0,0,0,0,0,0,0,0,0,0,0,0,0,0,0,0,0,0,0,0,0,0,0,0,0,0,0,0,0,0,1,1,0,1,0,0,1,0,0,1,1,0,0,0,1,0,0,1,1,1,0,0,0,0,0,0,0,0,0,0,0,0,1,1,0,0,1,0,1,0,1,1,1,1,1,0,0,0,0,0,0,0,1,0,0,1,0,0,1,0,1,1,1,0,0,1,0,1,1,0,10,7,6,1,413.8,648,100,3.3,0,1,1,27
51,0.774791625156114,0.399678140971247,0.878592878613113,1061,43261_1061_909263_0,909263,1000,5,0,0.142857142857143,0.285714285714286,0.428571428571429,0.571428571428571,0.714285714285714,0.857142857142857,1,1,1,0.986008450171349,1,1,1,0.843864953781134,0.399678148187645,0.861514849161775,1.6722688576241,-124.975238743239,0.399678110522313,0,0,0,0,0,0,0,0,0,0,0,0,0,0,1,0,0,0,0,0,0,0,0,0,0,0,0,0,0,0,0,0,0,0,0,0,0,0,0,0,0,0,0,0,0,0,0,0,0,0,0,0,0,0,0,0,0,0,0,0,0,0,0,0,0,0,0,0,0,0,0,0,0,0,0,0,0,0,0,0,0,0,0,0,0,0,0,0,0,0,0,0,0,0,1,0,0,0,0,0,0,0,0,0,0,1,1,0,0,0,0,0,0,0,0,0,0,0,0,0,0,0,0,0,0,0,0,0,0,0,0,0,0,0,0,0,0,1,0,0,0,0,0,0,0,0,0,0,0,0,0,0,0,0,0,0,0,0,0,0,0,0,0,0,0,0,0,0,0,0,0,0,0,0,0,0,0,0,0,0,0,0,0,0,0,0,0,0,0,0,0,0,0,0,0,0,0,0,0,0,0,0,0,0,0,0,0,0,0,0,0,0,1,0,0,0,0,0,0,0,0,0,0,0,0,0,0,0,0,0,1,0,0,0,0,0,0,0,0,0,0,0,0,0,0,0,0,0,0,0,0,0,0,0,0,0,0,0,1,0,0,0,0,0,0,0,0,0,0,0,0,0,0,0,0,0,0,0,0,0,1,0,0,0,0,0,0,0,0,0,0,0,0,0,0,0,0,0,0,0,0,0,0,0,0,0,0,0,0,0,0,0,0,0,0,0,0,0,1,0,0,0,0,0,0,0,0,0,0,0,0,0,0,0,0,0,0,0,0,0,0,0,0,0,0,0,0,0,0,0,0,0,0,0,0,0,0,0,0,0,0,0,0,0,0,0,0,0,0,0,0,0,0,0,0,0,0,0,0,0,0,0,0,0,0,0,0,0,0,0,0,0,0,0,0,0,0,0,0,0,0,0,0,0,0,0,0,0,0,0,0,0,0,0,0,0,0,0,0,0,0,0,0,0,0,0,0,0,0,0,0,0,0,0,0,0,0,0,0,0,0,0,0,0,0,0,0,0,0,0,0,0,0,0,0,0,0,0,0,0,1,0,0,0,0,0,0,0,0,0,0,0,0,0,0,0,0,0,0,0,0,0,0,0,0,0,0,0,0,0,0,0,0,0,0,0,0,0,0,0,0,0,0,0,0,0,1,0,0,0,0,0,0,0,0,0,0,1,0,0,0,0,0,0,0,0,0,0,0,0,0,0,0,0,0,0,0,0,0,0,0,0,0,0,0,0,0,0,0,0,0,0,0,0,0,0,0,0,0,0,0,0,0,0,0,0,0,0,0,0,0,0,0,0,0,0,0,0,0,0,0,0,0,0,0,0,0,0,0,0,0,0,0,0,0,0,0,0,0,0,0,0,0,0,1,1,0,0,0,0,0,0,0,0,0,0,0,0,0,0,0,0,0,0,0,0,0,0,0,0,0,0,0,1,1,0,0,0,1,0,0,0,0,0,0,0,0,0,0,0,0,0,0,0,0,0,0,0,0,0,0,0,0,0,0,0,0,0,0,0,0,0,0,0,0,0,0,0,0,0,0,0,0,0,0,0,0,0,0,0,0,0,0,0,0,0,0,0,1,1,0,0,0,1,1,0,0,1,1,0,0,0,1,0,0,0,1,1,0,0,1,0,0,0,0,0,0,1,0,0,1,1,0,0,0,0,1,0,1,1,1,0,1,0,0,0,0,0,0,0,1,0,0,1,0,0,1,0,1,0,0,0,0,1,0,1,1,0,12,6,7,0,453.5,674,86.6,4,1,0,0,34
52,0.814274117788644,0.711749196634266,1.5,1061,43846_1061_909747_0,909747,1000,5,0,0.142857142857143,0.285714285714286,0.428571428571429,0.571428571428571,0.714285714285714,0.857142857142857,1,1,1,1,1,0.97310754192728,1,0.89843373157771,0.711749205703784,0.852208360070261,3.52399637948769,-122.758186062646,0.711749183428783,0,0,0,0,0,0,0,0,0,0,0,0,0,0,1,0,0,0,0,0,0,0,0,0,0,0,0,0,0,0,0,0,0,0,0,0,0,0,0,0,0,0,0,0,0,0,0,1,0,0,0,0,0,0,0,0,0,0,0,0,0,0,0,0,0,0,0,0,0,0,0,0,0,0,0,0,0,0,0,0,0,0,0,0,0,0,0,0,0,0,1,0,0,0,0,0,0,0,0,0,0,0,0,0,0,0,0,0,0,0,0,0,0,0,0,0,0,0,0,0,0,0,0,0,0,0,0,0,0,0,0,0,0,0,0,0,0,0,0,0,0,0,0,0,0,0,0,0,0,0,0,0,0,0,0,0,0,0,0,0,0,0,0,0,0,0,0,0,0,0,0,0,0,0,0,0,0,0,0,0,0,0,0,0,0,0,0,0,0,0,0,0,0,0,0,0,0,0,0,0,0,0,0,0,0,0,0,0,0,0,0,0,0,0,0,0,0,0,0,0,0,0,1,0,0,0,0,0,0,0,0,0,0,0,0,0,0,0,0,0,0,0,0,0,0,0,0,0,0,0,0,0,0,1,0,0,0,0,1,0,0,0,0,0,0,0,0,0,0,0,0,0,0,0,0,0,0,0,0,0,0,0,0,0,0,0,0,0,0,0,0,0,0,0,0,0,0,0,0,0,0,0,0,0,0,0,0,0,0,0,0,0,0,0,0,0,0,0,0,0,0,0,0,0,0,0,0,0,0,0,0,0,0,0,0,0,0,0,0,0,0,0,0,0,0,0,0,0,0,0,0,0,0,0,0,0,0,0,0,0,0,0,0,0,0,0,0,0,0,0,1,1,1,1,1,1,1,0,0,0,0,0,0,0,0,0,0,0,0,0,0,0,0,0,0,0,0,0,0,0,0,0,0,0,0,0,0,0,0,0,0,0,0,0,0,0,0,0,0,0,0,0,0,0,0,0,0,0,0,0,0,0,0,0,0,0,0,0,0,0,0,0,0,0,0,0,0,0,0,0,0,0,0,0,0,0,0,0,0,0,0,0,0,0,0,0,0,0,0,0,0,0,0,0,0,0,0,0,0,0,0,1,0,0,0,0,1,0,0,0,0,0,0,0,0,0,0,0,0,0,0,0,0,0,0,0,0,0,0,0,0,0,0,0,0,0,0,0,0,0,0,0,0,0,0,0,0,0,0,0,0,0,0,0,0,0,0,0,0,0,0,0,0,0,0,0,0,0,0,0,0,0,0,0,0,0,0,0,0,0,0,0,0,0,0,0,0,0,0,0,0,0,0,0,0,0,0,0,0,0,0,0,0,0,0,0,0,0,0,0,0,0,0,0,0,0,0,0,0,0,0,0,0,0,0,0,0,0,0,0,0,0,0,0,0,0,0,0,0,0,0,0,0,0,0,0,0,0,0,0,0,0,0,1,1,1,1,1,1,1,0,0,0,0,0,0,0,0,0,0,0,0,0,0,0,0,1,0,0,0,0,0,0,0,0,0,0,0,0,0,0,0,0,0,0,0,0,0,0,0,0,0,0,0,0,0,0,0,0,0,0,0,0,0,0,0,0,0,0,0,0,0,0,1,0,0,0,1,1,0,0,0,1,0,0,1,0,1,0,0,1,0,0,0,0,0,0,1,0,0,1,1,0,0,0,0,1,0,1,1,1,0,0,0,0,0,0,0,0,0,1,0,0,1,0,0,1,0,0,0,1,0,0,1,0,1,0,0,12,6,7,0,453.5,674,86.6,4,1,0,0,34
53,0.828198215889806,0.832134365864595,1.5,1061,39609_1061_907289_0,907289,1000,5,0,0.142857142857143,0.285714285714286,0.428571428571429,0.571428571428571,0.714285714285714,0.857142857142857,1,1,0.946414725848852,1,1,1,0.9942678866487,0.962375047928522,0.832134370888147,0.854577995555299,6.3299374756185,-116.469182520743,0.832134321781183,0,0,0,0,0,0,0,0,0,0,0,0,1,0,1,0,0,0,1,0,1,0,0,0,0,0,0,0,0,1,0,0,0,0,0,0,0,0,1,0,0,0,0,0,0,0,0,0,1,1,1,0,0,0,0,0,0,0,1,0,0,0,0,0,0,1,0,0,0,0,0,0,0,1,0,0,0,0,1,0,0,0,0,0,0,1,0,0,0,0,1,0,0,0,0,0,1,0,0,0,0,0,0,1,0,0,1,0,0,1,0,0,0,0,1,0,0,0,0,1,1,0,0,0,0,0,0,0,0,0,0,1,0,0,0,0,0,0,0,0,0,0,0,0,0,0,0,0,0,0,0,0,0,0,0,0,0,0,1,1,0,0,0,0,0,1,0,0,0,0,0,0,0,0,0,1,0,0,0,0,1,0,0,0,0,1,0,1,0,0,0,0,0,1,0,0,0,0,0,0,1,0,0,0,0,0,0,0,0,1,1,0,0,0,0,0,0,0,1,0,0,0,0,0,0,0,0,0,1,0,0,0,0,0,0,0,0,0,0,0,0,0,1,0,0,0,0,0,0,0,0,0,0,0,1,0,0,0,1,0,0,0,0,0,0,0,0,0,0,1,0,0,0,0,0,0,0,0,0,0,0,0,0,0,0,0,0,0,0,0,0,0,0,0,0,0,0,0,0,0,0,0,0,0,0,0,0,0,0,0,0,0,0,0,0,0,0,0,0,0,0,0,0,0,0,0,0,0,0,0,0,0,0,0,0,0,0,0,0,0,0,0,0,0,0,0,0,0,0,0,0,0,0,0,0,0,0,0,0,0,0,0,0,0,0,0,0,0,0,0,0,0,0,0,0,0,0,0,0,0,0,0,0,0,0,0,0,0,0,0,0,0,0,1,1,0,0,0,0,0,0,0,0,0,0,0,0,0,0,0,0,0,0,0,0,0,0,0,0,0,0,0,0,0,0,0,0,0,0,0,0,0,0,0,0,0,0,0,0,0,0,0,0,0,0,0,0,0,0,0,0,0,0,0,0,0,0,0,0,0,0,0,0,0,0,0,0,0,0,0,0,0,0,0,0,0,0,0,0,1,1,1,1,1,0,0,0,0,0,0,0,0,0,0,0,0,0,0,0,0,0,0,0,0,0,0,0,0,0,0,0,0,0,0,0,0,0,0,0,0,0,0,0,0,0,0,0,0,0,0,0,0,0,0,0,0,0,1,0,0,0,0,0,0,0,0,0,0,0,0,0,0,0,0,0,0,0,0,0,0,0,0,0,0,0,0,0,0,0,0,0,0,0,0,0,0,0,0,0,0,0,0,0,0,0,0,0,0,0,0,0,0,0,0,0,0,0,0,0,0,0,0,0,0,0,1,1,1,1,1,1,1,1,1,1,0,0,0,0,0,0,0,0,0,0,0,0,0,0,0,0,0,0,0,0,0,0,0,0,1,0,0,0,0,0,0,0,0,0,0,0,0,0,0,0,0,0,0,0,0,0,1,1,0,0,0,0,0,0,0,0,0,0,0,0,0,0,0,0,0,0,0,0,0,0,0,0,0,0,0,0,0,0,0,0,0,0,0,0,1,0,1,0,1,1,0,0,1,1,0,0,0,1,0,0,0,0,0,0,0,1,0,0,0,0,0,0,1,1,0,0,0,0,0,1,0,1,0,1,1,0,1,1,0,0,0,0,0,0,0,1,0,0,1,0,0,1,0,1,0,0,0,0,0,0,1,0,0,12,6,7,0,453.5,674,86.6,4,1,0,0,34
54,0.619906611733243,0.519021961404565,1.5,1373,15448_1373_909698_0,909698,1000,10,0,0.142857142857143,0.285714285714286,0.428571428571429,0.571428571428571,0.714285714285714,0.857142857142857,1,1,0.830206870402685,0.858143811639359,0.865738835587733,0.733755377463902,0.598186855588215,0.594176895391697,0.520563586353616,0.469764919324081,1.74916700197422,-3.99437173687905,0.41965091260914,0,1,1,0,0,0,1,1,0,1,0,0,0,0,0,0,0,0,1,0,0,0,0,1,0,0,1,1,0,0,1,0,0,0,0,0,0,0,1,0,0,0,0,0,1,0,0,1,0,1,0,0,0,0,0,0,0,0,0,0,0,0,0,0,0,1,0,0,0,0,0,0,0,0,0,1,0,0,0,0,0,0,0,0,0,0,0,0,0,0,1,0,0,0,1,0,0,0,0,0,0,0,0,0,1,0,0,0,0,0,0,0,0,1,0,0,0,0,0,0,0,0,0,1,0,0,0,0,0,1,0,0,0,0,0,0,0,0,0,0,0,0,0,1,0,0,1,0,0,0,0,0,0,0,0,0,1,0,0,0,1,0,0,1,1,0,0,0,0,0,1,0,0,1,0,1,1,0,0,0,0,0,1,0,0,1,0,0,0,0,0,0,0,1,0,0,0,0,0,0,0,0,0,0,0,0,0,0,0,0,0,0,0,0,0,0,0,1,0,0,0,0,1,0,0,0,1,0,0,0,0,0,0,0,0,0,0,1,0,0,1,0,0,0,0,0,0,0,0,0,0,0,0,0,0,0,0,0,0,1,0,0,0,0,0,1,0,1,0,0,1,0,1,0,0,0,0,0,1,0,0,0,0,0,0,0,0,0,0,0,0,0,0,0,0,0,0,0,0,0,0,0,0,0,0,0,0,0,0,0,0,0,0,0,0,0,0,0,0,0,0,0,0,0,0,0,0,0,0,0,0,0,0,0,0,0,0,0,0,0,0,0,0,0,0,0,0,0,0,0,0,0,0,1,0,0,0,0,0,0,0,0,0,0,0,0,0,0,0,0,0,0,0,0,0,0,0,0,0,0,0,0,0,0,0,0,0,0,0,0,0,0,0,0,1,0,0,1,0,0,0,0,0,0,0,0,0,0,0,0,0,0,0,0,0,0,0,0,0,0,1,0,0,0,0,0,0,0,0,0,0,0,0,0,0,0,0,0,0,0,0,0,0,0,0,0,0,0,0,0,0,0,0,0,0,0,0,0,0,0,0,0,0,0,0,0,0,0,0,0,0,0,0,0,0,0,0,0,0,0,0,1,0,0,0,0,0,0,0,0,0,1,0,0,0,0,0,0,0,0,0,0,0,0,0,0,0,0,0,0,0,0,0,0,0,0,0,0,0,0,0,0,0,0,1,0,0,0,0,0,0,1,0,0,0,0,0,0,0,0,0,0,0,0,0,0,0,0,0,0,0,0,0,0,0,0,0,0,0,0,0,0,0,0,0,0,0,0,0,0,0,0,0,0,0,0,0,0,0,0,0,0,0,0,0,0,0,0,0,0,0,0,0,0,0,0,0,0,0,0,0,0,0,0,0,0,0,0,0,0,0,0,0,0,0,0,0,0,0,0,0,0,0,0,0,0,0,0,0,0,0,0,0,0,0,0,0,0,0,1,0,0,0,0,0,0,0,0,0,0,0,0,0,0,0,0,0,0,0,0,0,0,0,0,0,0,0,0,0,0,0,0,0,0,0,0,0,0,0,0,0,0,0,0,0,0,0,0,0,0,0,0,0,0,0,0,0,0,0,1,0,0,0,1,1,0,0,1,1,0,0,0,1,0,0,1,1,1,0,0,1,0,0,0,0,0,0,1,1,0,1,1,0,0,1,0,1,0,1,1,1,1,1,0,0,0,0,0,0,0,1,0,0,1,0,0,1,0,1,0,0,0,0,0,0,1,1,0,13,11,6,1,519.6,817,148,4.8,0,0,1,35
55,0.812037134750317,0.836704999201595,1.5,1373,14936_1373_905962_0,905962,1000,10,0,0.142857142857143,0.285714285714286,0.428571428571429,0.571428571428571,0.714285714285714,0.857142857142857,1,1,1,1,1,1,0.973452904382946,0.833599679996903,0.839810320745039,0.713284101009484,6.12388618820325,-172.695615243681,0.836704999201595,0,0,0,0,0,0,0,0,0,0,0,0,0,0,1,0,0,0,0,0,0,0,0,0,0,0,0,0,0,0,0,0,0,0,0,0,0,0,0,0,0,0,0,0,0,0,0,0,0,0,0,0,0,0,0,0,0,0,0,0,0,0,0,0,0,0,0,0,0,0,0,0,0,0,0,0,0,0,0,0,0,0,0,0,0,0,0,0,0,0,0,0,0,0,0,0,0,0,0,0,0,0,0,0,0,1,0,0,0,0,0,0,0,0,0,0,0,0,0,0,0,0,0,0,0,0,0,0,0,0,0,0,0,0,0,0,0,1,0,0,0,0,0,0,0,0,0,0,0,0,0,0,0,0,0,0,0,0,0,0,0,0,0,0,0,0,0,0,0,0,0,0,0,0,0,0,0,0,0,0,0,0,0,0,1,0,0,0,0,0,0,0,0,0,0,0,0,0,0,0,0,0,0,0,0,0,0,0,0,0,0,0,0,0,0,0,0,0,0,0,0,0,0,0,0,0,0,0,0,0,1,0,0,0,0,0,0,0,0,0,0,0,0,0,0,0,0,0,0,0,0,0,0,0,0,0,0,0,1,0,0,0,0,0,0,0,0,0,0,0,0,0,0,0,0,0,0,0,0,0,0,0,0,0,0,0,0,0,0,0,0,0,0,0,0,0,0,0,0,0,1,1,1,1,1,0,0,0,0,0,0,0,0,0,0,0,0,0,0,0,0,0,1,0,0,0,0,0,0,0,0,0,0,0,0,0,0,0,0,0,0,0,0,0,0,0,0,0,0,0,0,0,0,0,0,0,0,0,0,0,0,0,0,0,0,0,0,0,0,1,0,0,0,0,0,0,0,0,0,0,0,0,0,0,0,0,0,0,0,0,1,0,0,0,0,0,0,1,0,0,0,0,0,0,0,0,0,0,0,0,0,0,0,0,0,0,0,0,0,0,0,0,0,0,0,0,0,0,0,0,0,0,0,0,0,0,0,0,0,0,0,0,0,0,0,0,0,0,0,0,0,0,0,0,0,0,0,0,0,0,0,0,0,0,0,0,0,0,0,0,0,0,0,0,0,0,0,0,0,0,0,1,1,1,1,1,1,0,0,0,0,0,0,0,0,0,0,0,0,0,0,0,0,0,0,0,1,0,0,0,0,1,0,0,0,0,0,0,0,0,0,0,0,0,0,0,0,0,0,0,0,1,0,0,0,0,0,0,0,0,0,0,0,0,0,0,0,0,0,0,0,0,0,0,0,0,0,0,0,0,0,0,0,0,0,0,0,0,0,0,0,0,0,0,0,0,0,0,0,0,0,0,0,1,0,0,0,0,0,0,0,0,0,0,0,0,0,0,0,0,0,0,0,0,0,0,0,0,0,0,0,0,0,0,0,0,0,0,0,0,0,0,0,0,0,0,1,0,0,0,0,0,0,0,0,0,0,0,0,1,0,0,0,0,0,0,0,0,1,0,1,0,0,0,0,0,1,0,0,0,0,0,0,0,0,0,0,0,0,0,0,0,0,0,0,0,0,0,0,0,0,0,0,0,0,0,0,0,0,0,0,0,0,0,0,0,0,0,0,0,0,0,0,0,0,0,0,0,0,0,0,0,0,0,0,0,0,0,0,0,0,0,0,0,0,0,0,0,0,0,0,0,0,0,0,0,0,0,0,0,0,0,0,0,0,0,0,0,0,0,0,0,0,0,0,0,0,0,0,0,0,0,0,0,0,0,0,0,13,11,6,1,519.6,817,148,4.8,0,0,1,35
56,0.429976782896174,0.435787696317401,0.414843414940941,1373,14911_1373_905939_0,905939,1000,10,0,0.142857142857143,0.285714285714286,0.428571428571429,0.571428571428571,0.714285714285714,0.857142857142857,1,1,0.795387672405809,0.563885806385575,0.518233706645697,0.459547898310427,0.459547898310427,0.407378944272853,0.436721848440488,0.07881558509856,1.22423013603542,-7.90386610212681,0.435099723247233,0,0,0,0,0,0,0,0,0,0,0,0,0,0,1,0,0,0,0,0,0,0,0,0,0,0,0,0,0,0,0,0,0,0,0,0,0,0,0,0,0,0,0,0,0,0,0,1,0,0,0,0,0,0,0,0,0,0,0,0,0,0,0,0,0,0,1,0,0,0,0,0,0,0,0,0,0,0,0,0,0,0,0,0,0,0,0,0,0,0,0,0,0,0,0,0,0,0,0,0,0,0,0,0,0,0,0,0,0,0,0,0,0,0,0,0,0,0,0,0,0,0,0,0,0,0,0,0,0,0,0,0,0,0,0,0,0,0,0,0,0,0,0,0,0,0,0,0,0,0,0,0,0,0,0,0,0,0,0,0,0,0,0,0,0,0,0,0,0,0,0,0,0,0,0,0,0,0,0,0,0,0,0,0,0,0,0,0,0,0,0,0,0,0,0,0,0,0,0,0,0,0,0,0,0,0,0,0,0,0,0,0,0,0,0,0,0,0,0,0,0,0,0,0,0,0,0,0,1,0,1,0,0,0,0,0,0,0,0,0,0,0,0,0,0,0,0,0,0,0,0,0,0,0,0,0,0,0,1,0,0,0,0,0,0,0,0,0,0,0,0,0,0,0,0,0,0,0,0,0,0,0,0,0,0,0,0,0,0,0,0,0,0,0,0,0,0,0,0,0,0,0,0,0,0,0,0,0,0,0,0,0,0,0,0,0,0,0,0,0,0,0,0,0,0,0,0,0,0,0,0,0,0,0,0,0,0,0,0,0,0,0,0,0,0,0,0,0,0,0,0,0,0,0,0,0,0,0,0,0,0,0,0,0,0,0,0,1,1,1,1,0,0,0,0,0,0,0,0,0,0,0,0,0,0,0,0,0,0,0,1,0,0,0,0,0,0,1,0,0,0,0,0,0,0,0,0,0,0,0,0,0,0,0,0,0,0,0,0,0,0,0,0,0,0,0,0,0,0,0,0,0,0,0,0,0,0,0,0,0,1,0,0,0,0,0,0,0,0,0,0,0,0,1,0,0,0,0,0,0,0,0,0,0,0,0,0,0,0,0,0,0,0,0,0,0,0,0,0,0,0,1,0,0,0,0,1,0,0,0,0,0,0,0,0,0,0,0,0,0,0,0,0,0,0,0,1,0,0,0,0,1,0,0,0,0,0,0,0,0,0,0,0,0,0,0,0,0,0,0,0,1,0,0,0,0,0,0,0,0,0,0,0,0,0,0,0,0,0,0,0,0,0,0,0,0,0,0,0,0,0,0,0,0,0,0,0,0,0,0,0,0,0,0,0,0,0,0,0,0,0,0,0,0,0,0,0,0,0,0,0,0,0,0,0,0,0,0,0,0,0,0,0,0,0,0,0,0,0,0,0,0,0,0,0,0,0,0,0,0,0,0,0,0,0,0,0,1,0,0,0,0,0,0,0,0,0,0,0,1,0,0,0,0,0,0,0,0,0,0,0,0,0,0,0,0,0,0,0,0,0,0,0,0,0,0,0,0,0,0,0,0,0,0,0,0,0,0,0,0,0,0,0,0,0,0,0,0,0,0,0,0,0,0,0,0,0,0,1,1,0,0,0,1,1,0,0,1,1,0,0,0,1,0,0,1,1,1,0,0,1,0,0,0,0,0,0,0,0,0,1,1,0,0,1,0,1,0,1,1,0,0,1,0,0,0,0,0,0,0,1,0,0,1,0,0,1,0,0,0,0,0,0,0,0,1,1,0,13,11,6,1,519.6,817,148,4.8,0,0,1,35
